user_id,product_id,rating
136,121,5
247,68,4
186,27,3
172,117,5
44,33,4
263,135,3
275,13,3
131,63,4
179,145,5
242,143,4
236,93,5
171,52,5
255,21,3
184,1,3
52,35,3
152,139,2
120,28,5
185,9,3
202,70,4
240,61,2
202,5,5
49,8,5
284,73,5
134,149,5
181,75,5
228,132,5
10,77,5
232,135,3
205,144,4
142,97,4
233,1,5
196,79,4
233,110,1
136,80,4
189,114,1
221,17,3
144,25,3
102,47,4
100,106,4
58,59,5
224,135,4
201,108,4
262,82,4
64,114,5
49,127,5
12,100,5
92,56,5
297,41,5
102,77,5
156,147,4
35,104,5
57,47,4
33,24,5
120,80,5
218,18,3
108,27,4
281,96,4
283,143,2
16,124,4
216,131,5
167,71,5
86,109,3
77,14,5
220,80,3
183,120,5
167,41,4
192,90,3
251,95,3
237,48,5
221,90,3
50,143,3
184,144,5
95,69,3
130,48,3
155,80,3
58,90,4
221,24,4
191,86,4
70,118,3
278,4,5
184,122,5
227,74,4
271,31,4
65,149,4
50,134,5
208,10,5
245,135,4
162,7,3
286,144,4
239,94,5
194,47,5
293,122,4
179,90,5
16,144,5
81,105,4
210,50,5
133,78,3
258,15,1
265,55,5
281,36,4
14,75,2
40,3,5
268,74,4
126,86,3
110,52,5
125,131,5
268,19,4
192,137,5
259,5,5
268,11,4
283,148,3
236,72,3
207,107,2
62,68,4
209,62,4
144,94,5
98,132,4
279,23,1
137,27,4
300,110,4
272,17,3
233,60,4
75,57,3
244,29,3
128,121,5
32,111,3
182,141,3
21,118,4
69,38,3
86,24,5
295,49,5
255,119,4
236,138,4
183,99,5
276,149,1
219,110,5
114,115,3
134,126,4
236,75,5
79,77,5
236,142,5
118,18,5
31,97,3
161,70,5
217,20,3
130,17,4
110,122,4
96,95,3
83,149,5
79,116,2
148,147,3
96,59,5
126,101,4
30,6,3
13,148,5
214,88,3
290,22,3
270,38,5
61,130,4
84,99,5
225,94,4
13,85,5
200,100,3
169,65,5
90,8,3
133,86,3
20,30,5
114,86,5
90,136,5
153,39,1
64,95,5
90,85,5
62,119,5
125,68,5
91,130,5
245,80,1
141,119,5
71,33,3
34,137,4
252,135,3
25,128,5
103,76,4
224,57,4
154,33,5
280,138,5
58,34,3
107,40,1
269,148,5
286,124,5
176,135,2
293,61,4
121,34,3
31,133,5
96,43,4
237,12,1
45,113,3
86,114,1
85,150,5
150,60,4
26,50,4
258,121,1
198,50,3
71,106,3
35,119,5
55,98,1
213,82,3
138,52,4
199,36,5
83,14,5
85,63,3
138,22,5
181,133,4
37,73,3
213,29,5
171,122,5
226,82,5
229,42,5
190,90,2
48,107,3
61,83,3
206,103,5
192,96,4
39,62,4
94,86,2
50,36,4
201,116,5
26,21,4
123,5,4
157,5,5
226,23,5
120,137,5
97,73,4
82,60,4
106,30,5
136,73,5
61,94,5
143,27,4
42,128,2
158,2,5
111,93,4
65,24,4
63,4,5
254,34,4
142,38,4
166,18,4
209,63,5
122,111,5
78,81,4
45,78,4
28,12,2
146,66,4
223,9,5
189,26,5
131,147,5
161,22,3
162,86,5
96,70,5
79,119,5
211,141,3
203,132,5
181,28,3
178,17,4
37,118,2
176,36,5
16,51,5
178,81,4
276,132,5
91,89,4
32,15,5
202,49,3
145,138,5
69,126,5
66,112,2
84,113,3
88,99,2
249,32,3
65,105,5
134,111,4
63,13,4
220,21,1
112,32,4
294,59,5
71,62,3
126,64,3
121,139,3
135,133,5
122,99,4
296,70,3
57,74,5
38,12,5
164,119,5
23,101,5
130,41,5
278,37,2
67,113,3
69,17,4
123,107,5
234,78,5
85,9,4
163,144,5
281,66,4
298,21,4
117,87,5
156,54,3
123,22,4
212,38,5
225,72,4
22,31,2
114,58,5
42,55,1
220,74,4
96,88,3
273,23,5
76,116,3
267,130,5
122,17,5
289,82,2
298,132,5
53,109,5
19,57,4
145,45,3
266,131,3
67,36,3
23,61,2
271,7,1
255,106,5
145,142,5
21,34,5
204,7,5
163,103,5
294,123,5
5,138,4
77,110,4
61,75,3
52,101,5
262,141,3
68,45,3
216,10,4
82,133,2
163,49,3
185,132,5
86,111,3
213,21,5
226,107,5
111,71,5
274,55,4
89,26,3
210,31,3
267,123,5
34,94,5
110,134,4
173,3,5
18,126,4
31,68,5
107,143,5
251,115,3
158,105,5
59,140,2
193,60,4
49,148,4
25,104,2
138,18,4
153,31,4
97,80,4
26,62,4
252,69,5
209,82,5
35,89,4
93,34,1
192,132,5
295,61,5
141,19,4
53,56,4
169,15,5
232,108,5
11,29,4
258,148,4
32,49,1
231,128,5
38,120,5
30,60,4
48,13,5
269,130,3
223,44,5
94,70,5
158,55,5
28,121,4
13,64,5
34,16,3
167,53,5
298,104,4
190,72,5
227,100,4
299,109,5
159,72,4
135,143,3
235,135,4
83,20,5
105,62,5
2,70,5
65,51,2
260,86,4
79,10,5
264,105,5
96,23,3
145,83,5
168,135,4
157,103,4
45,77,5
91,83,5
70,137,5
48,110,5
109,9,3
277,129,4
27,74,3
122,149,5
145,7,3
2,43,5
279,149,3
163,147,3
42,80,5
223,119,3
228,98,5
206,144,4
5,93,5
199,29,2
91,25,3
165,40,4
124,141,3
251,98,5
218,16,1
47,133,4
186,69,5
32,123,3
182,59,5
128,118,2
44,88,5
87,128,4
232,68,4
162,36,5
18,72,1
204,41,5
289,77,2
62,54,2
284,80,3
109,150,4
250,124,5
241,72,3
174,38,2
267,60,5
52,21,4
126,97,4
267,137,3
159,36,3
197,70,3
192,70,5
96,102,4
66,62,3
98,131,5
3,58,4
125,10,5
197,65,5
29,26,4
44,92,5
136,41,5
13,98,5
28,36,5
152,74,5
35,140,5
187,138,4
172,106,4
94,118,4
58,10,3
86,45,3
103,32,5
211,10,3
244,102,5
300,48,5
42,75,3
289,3,5
78,117,4
155,61,5
238,140,5
270,98,4
252,35,5
255,120,4
125,19,4
154,118,5
274,48,3
69,4,5
131,76,2
57,37,5
193,121,5
66,110,5
175,18,4
242,27,5
9,35,4
242,56,5
146,103,3
93,54,5
143,78,4
221,120,5
31,127,3
249,42,4
284,16,5
211,29,5
262,91,5
9,80,4
212,127,5
73,76,2
4,34,4
289,25,5
287,77,4
86,96,4
15,109,4
180,138,5
287,56,2
60,21,5
281,122,5
218,20,5
289,29,3
98,100,4
296,52,3
224,45,4
64,91,3
227,131,3
265,120,5
271,81,5
86,15,5
96,91,3
291,120,5
41,75,3
92,57,3
145,102,5
39,9,5
15,149,2
6,96,5
273,18,5
6,8,5
188,18,4
201,121,3
189,104,5
25,35,3
193,108,1
210,68,4
130,87,5
57,131,4
17,139,5
162,71,5
110,124,4
234,23,4
164,58,3
248,6,2
125,119,4
232,124,4
168,103,5
262,64,1
217,35,5
235,147,4
176,9,5
50,108,5
226,5,4
183,17,4
181,123,4
121,13,4
245,12,4
90,56,5
218,141,5
3,15,4
279,60,4
64,118,4
203,106,5
17,131,5
284,61,3
119,21,5
204,134,2
20,57,5
145,89,4
36,45,4
186,96,3
69,15,3
267,98,5
113,82,3
145,73,5
226,78,5
219,109,4
292,44,3
254,114,3
156,108,4
222,144,1
175,82,5
222,35,4
154,43,4
282,119,5
73,108,4
297,24,5
31,39,4
17,68,4
118,102,5
44,18,4
73,134,4
263,144,5
6,39,5
294,86,5
15,4,4
234,33,4
285,31,4
263,123,3
289,53,4
218,34,5
192,71,3
268,63,5
4,88,3
217,148,5
45,121,2
291,82,4
169,95,1
74,10,3
57,44,5
130,5,3
233,93,5
107,96,4
207,51,5
202,78,5
67,41,5
259,107,5
244,87,1
185,79,5
277,126,5
95,147,3
120,44,3
165,112,5
106,124,4
56,16,1
230,17,5
253,13,5
39,106,5
5,121,5
137,133,3
139,40,4
49,85,5
162,121,4
123,102,5
244,125,3
159,89,5
184,3,5
22,118,4
106,57,5
86,139,3
299,148,4
136,46,2
151,22,5
26,44,4
141,81,4
124,70,3
266,86,5
212,86,5
169,42,5
248,58,4
17,11,5
252,127,5
195,24,2
116,78,4
37,132,4
228,79,4
241,85,3
223,19,5
164,11,5
232,146,3
269,122,5
260,13,4
241,53,5
239,145,3
96,29,4
256,81,5
33,40,4
175,141,4
113,102,3
130,77,1
117,42,4
134,87,4
80,92,4
138,141,4
147,21,1
236,71,5
91,73,4
1,18,4
64,141,5
58,102,5
234,141,5
183,126,4
90,97,4
110,66,4
109,68,4
55,129,4
34,72,4
282,117,4
126,56,4
99,22,5
118,78,4
175,40,3
197,82,4
70,18,5
174,50,3
143,143,4
256,35,4
162,73,4
27,100,4
117,20,4
15,85,4
286,135,4
91,67,5
283,4,5
153,144,3
59,63,4
230,32,5
58,29,4
1,46,5
102,21,5
33,90,5
5,60,4
132,26,5
43,44,5
60,127,1
276,37,5
186,35,5
166,78,4
107,115,5
250,61,5
263,104,5
255,35,1
255,117,3
203,52,1
4,29,3
142,82,4
229,139,5
237,120,5
206,84,4
234,145,4
276,19,5
79,52,3
117,112,5
281,124,4
86,149,5
178,133,4
99,145,5
96,128,3
52,64,5
149,113,5
180,73,3
170,19,3
267,94,5
42,72,4
238,146,4
99,14,5
205,93,3
207,138,1
149,18,4
191,56,5
155,66,5
241,94,4
175,107,5
67,85,5
155,111,2
285,27,5
191,101,5
180,143,3
121,120,5
99,141,5
250,146,5
293,66,5
17,124,5
5,73,4
113,22,3
286,147,3
206,57,5
132,51,5
199,66,4
251,97,5
245,116,5
42,60,5
287,132,5
243,62,5
66,128,5
147,63,1
178,109,5
205,124,4
240,99,5
198,87,5
172,74,5
10,150,5
245,51,5
167,73,5
133,114,3
73,54,5
58,17,1
240,112,4
300,69,5
31,27,4
241,80,5
113,127,4
216,68,4
260,110,5
60,63,5
70,45,3
96,77,4
271,22,2
272,65,3
11,46,5
283,66,5
177,117,4
21,78,5
106,116,5
104,133,3
181,45,2
255,79,5
287,31,5
139,99,5
72,66,3
247,125,4
131,103,5
92,130,4
193,73,5
214,114,2
86,42,3
85,47,4
217,64,5
77,97,3
174,79,5
124,22,4
163,54,5
105,94,2
59,138,3
200,137,5
261,37,3
192,27,4
10,64,3
285,8,5
263,66,4
58,23,5
146,30,4
219,61,1
191,136,5
148,71,5
291,110,2
27,21,4
40,53,3
198,146,2
292,47,4
226,29,5
281,146,4
297,93,5
165,111,4
41,25,4
201,16,3
219,33,3
40,34,3
275,133,5
273,34,5
133,101,3
220,120,5
24,107,3
283,108,5
129,80,5
116,5,4
17,24,2
119,118,2
155,146,4
128,7,4
233,102,4
299,96,4
153,127,5
184,57,5
145,93,5
239,80,4
180,13,3
146,140,5
187,118,2
293,49,5
52,4,4
82,110,3
182,114,4
299,78,2
77,58,3
259,70,3
165,126,3
92,147,5
54,41,5
8,11,4
231,1,3
152,11,4
8,44,5
275,97,4
43,132,5
39,19,3
157,109,3
117,105,5
101,19,4
243,63,5
38,36,3
230,37,3
134,120,3
166,70,5
252,39,4
84,114,3
116,23,3
248,36,5
196,99,5
79,74,5
45,23,5
48,127,5
264,112,4
151,118,5
176,123,5
196,53,1
197,15,5
13,62,5
148,16,5
43,119,4
68,122,3
36,4,5
188,82,4
202,95,5
37,100,5
300,143,4
10,11,5
54,7,5
256,39,5
63,8,4
176,102,1
53,127,5
138,107,5
97,72,5
145,25,4
101,50,5
241,36,5
61,40,2
31,86,4
53,143,5
96,17,3
21,82,3
141,62,5
249,30,3
271,117,4
293,144,5
78,45,3
184,146,5
188,9,5
290,63,4
67,142,3
88,67,1
270,35,5
26,69,2
279,31,1
5,8,1
122,90,4
277,17,5
142,110,4
152,79,3
180,71,3
261,106,4
26,31,5
36,30,4
42,30,2
232,3,5
38,116,4
171,45,4
75,8,5
257,132,5
119,108,3
120,41,4
221,149,4
200,7,5
153,19,4
180,6,4
185,81,5
161,103,3
214,97,4
163,80,3
271,100,3
129,93,3
90,63,3
176,93,5
154,51,3
91,140,3
188,63,5
110,104,5
293,124,3
167,130,4
138,86,2
84,129,4
47,147,4
263,27,2
238,52,5
278,8,4
148,37,2
142,24,1
142,56,3
201,134,5
76,76,4
260,136,5
43,19,3
262,107,4
130,20,5
248,15,4
239,101,1
165,84,2
18,48,3
249,40,4
77,143,3
223,77,4
20,104,4
99,70,4
155,54,5
280,75,5
127,27,5
154,145,5
138,114,4
243,10,5
101,62,5
126,133,3
201,66,5
58,14,5
123,43,3
233,45,4
108,86,3
159,143,3
114,64,5
50,30,5
5,36,5
250,12,5
260,57,2
53,86,4
202,107,5
95,22,2
233,53,4
191,20,5
199,26,5
229,126,4
286,61,4
272,120,3
167,137,5
156,3,3
141,74,4
103,40,4
190,71,3
269,35,5
265,125,5
131,140,4
65,123,3
175,43,5
100,74,4
11,145,3
217,127,5
72,140,5
229,98,5
98,92,5
202,145,4
207,134,5
95,103,5
99,5,4
153,44,3
252,148,3
143,15,5
221,121,3
296,141,5
251,56,4
23,26,5
109,44,3
175,145,5
120,15,5
222,57,5
292,68,3
159,28,4
282,106,5
233,137,4
88,95,5
151,95,4
138,127,4
280,28,5
88,18,4
288,117,3
300,101,4
72,52,4
32,88,2
109,83,1
78,21,3
161,23,5
128,135,4
165,19,2
281,144,3
16,30,5
255,62,5
28,28,5
42,112,5
201,125,3
164,31,5
62,144,3
40,135,5
40,58,2
107,136,5
166,23,5
206,3,3
126,147,3
74,106,4
158,125,4
29,135,5
206,134,4
289,80,4
136,137,5
150,70,5
292,43,1
68,26,4
152,86,1
184,54,4
57,132,5
138,43,4
258,1,3
295,108,4
254,43,4
135,127,5
45,90,5
152,19,5
265,99,5
109,10,5
65,65,4
232,30,5
238,49,3
208,42,3
21,141,5
217,24,2
27,8,2
236,121,4
220,90,5
236,16,5
110,51,4
255,100,5
130,139,3
35,57,5
170,120,4
103,105,3
75,85,5
49,13,4
94,113,5
91,80,5
68,140,5
151,18,5
214,27,3
14,103,5
207,144,3
197,32,5
87,97,5
198,99,5
130,42,5
40,145,3
190,138,4
66,27,4
200,71,4
174,106,4
245,59,3
33,87,4
114,108,3
106,122,4
252,56,3
174,132,4
292,106,5
93,147,3
83,125,3
163,108,4
104,38,4
245,50,5
34,73,4
130,129,5
287,119,4
54,94,4
187,137,5
278,18,1
24,92,5
228,62,5
64,134,3
292,9,5
122,134,2
281,45,5
276,106,3
49,26,4
36,145,2
182,74,4
34,89,4
206,68,3
98,79,4
278,58,5
48,115,4
284,130,4
218,78,4
143,85,5
110,12,4
286,69,4
116,6,4
58,145,5
91,53,5
22,26,5
121,59,2
89,147,4
56,65,4
46,82,3
160,11,3
116,33,5
39,105,2
95,133,4
282,15,1
127,38,5
210,132,3
42,25,5
272,135,3
176,8,4
282,37,4
215,64,3
87,8,5
163,51,4
180,75,5
293,140,5
205,8,3
274,105,4
278,38,5
261,122,4
285,85,4
186,58,4
16,24,5
86,87,5
229,120,3
40,55,3
42,58,2
140,53,3
274,111,3
132,144,5
77,35,4
257,117,4
55,58,2
84,55,5
104,71,1
143,86,4
72,118,3
79,81,5
15,102,2
54,1,5
123,113,5
216,96,2
191,64,3
1,43,3
245,146,5
221,77,3
57,81,3
149,15,1
85,104,3
215,113,4
187,1,5
143,64,5
117,149,3
244,114,4
61,49,4
58,114,5
25,109,5
111,80,4
103,92,3
223,31,5
32,143,3
191,27,4
228,150,5
208,100,3
183,47,4
279,86,2
283,52,5
45,118,5
40,108,5
23,85,5
49,110,5
249,20,4
34,121,4
64,102,5
13,39,3
8,131,5
212,64,4
95,45,5
27,37,3
41,93,5
102,118,1
54,130,5
235,26,5
42,81,4
289,1,5
124,33,4
129,44,3
105,31,5
1,141,4
281,34,3
130,126,4
32,90,4
90,99,4
40,124,5
70,70,5
110,136,5
167,123,4
202,118,5
285,133,5
204,80,5
152,68,5
99,46,4
44,14,4
56,55,3
244,91,3
270,69,4
222,128,4
286,88,1
95,126,1
236,36,5
295,103,3
232,34,3
276,9,3
170,32,5
4,114,4
194,10,4
181,121,5
66,109,5
128,94,4
150,28,4
143,4,5
227,19,4
76,48,3
299,35,5
162,123,4
246,55,5
29,30,4
25,58,5
224,146,4
132,135,3
165,20,5
6,128,4
257,37,5
236,134,1
146,92,4
41,76,2
210,100,3
291,40,5
156,116,5
58,5,4
147,17,5
157,147,5
112,24,4
247,131,5
287,47,3
154,84,5
252,76,5
94,14,5
10,31,5
116,75,2
264,129,4
23,136,5
288,10,5
175,23,4
188,77,5
260,69,5
126,24,3
184,61,3
214,86,4
153,77,4
246,87,5
279,80,4
272,43,3
2,114,3
299,41,3
118,95,5
98,31,5
134,76,5
187,34,2
150,88,3
133,18,5
63,69,4
188,131,4
141,150,4
245,133,5
141,132,3
85,74,5
196,44,5
228,131,5
132,103,5
209,100,3
39,14,1
277,32,4
93,116,4
283,43,2
226,88,5
268,62,3
102,13,4
87,109,4
259,78,4
229,21,2
113,148,3
97,7,4
46,115,4
45,88,3
67,5,3
276,100,5
207,26,5
162,78,2
86,144,5
22,113,3
4,59,5
240,117,4
118,141,3
1,94,1
276,30,3
152,131,5
40,61,3
77,75,1
218,70,4
174,12,3
140,127,1
102,132,4
92,105,2
163,135,4
156,30,3
277,101,5
34,142,4
12,62,4
142,96,5
207,32,4
208,116,5
93,2,3
270,8,4
19,104,5
75,124,4
148,46,5
40,49,4
65,33,1
44,59,4
203,68,4
272,125,5
139,64,2
207,61,4
46,116,4
165,36,4
9,132,3
60,132,3
166,59,4
149,142,2
224,51,4
32,139,4
56,34,1
293,46,1
63,133,5
171,134,4
40,137,5
40,104,5
113,134,2
293,103,3
80,113,4
180,53,4
230,42,5
95,65,4
230,15,3
75,64,5
183,112,5
212,97,4
254,113,5
134,144,4
93,122,5
121,74,3
122,15,4
2,100,1
196,131,4
190,89,5
132,147,5
242,114,1
119,95,2
165,140,4
92,51,3
43,50,4
292,31,5
89,20,4
135,38,4
20,31,2
144,73,5
136,53,4
169,120,4
170,2,4
138,11,3
218,59,3
174,119,4
159,123,3
272,139,4
209,44,4
91,134,1
149,91,4
59,89,3
20,51,5
135,39,4
224,136,3
191,109,3
91,3,2
100,10,4
265,65,5
142,148,4
186,99,3
296,91,5
294,96,1
1,91,5
62,10,3
142,127,5
13,101,5
75,143,5
102,9,4
242,39,4
286,51,4
50,109,3
98,53,5
143,133,3
208,112,4
270,13,4
227,40,5
46,114,5
259,18,4
182,29,5
104,143,4
152,44,4
181,105,4
276,119,5
233,67,4
187,123,4
117,2,5
3,94,5
24,114,3
78,92,4
137,28,4
129,123,5
148,7,4
4,84,4
101,131,5
117,32,4
197,24,4
75,140,5
120,121,5
156,144,4
9,96,3
44,3,3
164,100,4
130,15,5
284,94,5
38,124,4
141,79,4
123,118,4
85,89,3
172,119,4
108,37,3
97,41,5
192,53,5
114,38,4
180,93,3
105,141,3
65,112,5
81,129,5
10,19,4
106,134,3
133,22,5
285,13,5
290,82,3
59,60,5
12,21,4
298,63,4
225,110,2
116,59,5
28,41,4
41,112,4
297,71,4
283,147,4
203,63,3
91,125,4
237,32,5
13,36,1
97,51,2
287,130,3
249,120,4
243,106,3
41,6,5
279,89,5
196,139,4
74,21,4
102,44,4
139,75,2
237,111,5
36,103,4
245,3,3
204,142,4
143,43,3
35,36,3
72,134,5
262,23,5
172,124,5
11,11,4
177,79,4
262,43,5
25,8,5
82,83,4
112,93,3
9,97,5
170,11,1
246,83,3
298,81,5
211,43,5
2,68,5
153,106,5
74,119,4
144,93,5
291,58,4
212,85,3
119,89,4
8,79,5
174,2,3
101,21,4
221,42,5
29,140,5
18,76,4
247,19,4
245,104,5
52,30,3
27,106,4
224,104,5
271,10,3
54,93,5
91,121,3
125,106,3
14,49,5
83,32,5
165,87,4
13,136,5
253,73,5
281,56,4
263,116,4
101,44,4
111,73,4
263,49,4
240,111,5
237,149,5
7,84,4
265,17,3
254,78,5
77,4,3
81,111,3
66,35,5
149,102,5
178,148,3
63,143,5
21,88,5
208,117,5
247,9,5
246,111,5
113,85,4
276,136,5
112,105,4
69,98,4
201,147,5
165,148,5
108,35,4
126,143,5
98,11,5
132,124,4
223,148,3
56,111,5
288,119,5
21,145,3
101,63,4
251,96,4
29,54,5
239,123,5
17,37,4
166,145,3
88,29,5
50,124,5
15,64,3
33,139,5
28,25,4
7,31,4
192,115,2
7,42,3
254,91,5
1,14,4
116,107,5
58,18,4
18,121,5
207,112,5
81,48,3
298,11,4
264,149,5
6,86,3
107,101,5
277,125,4
38,49,5
255,77,4
46,113,3
274,133,4
57,10,5
222,131,3
168,144,3
259,34,3
164,47,3
245,91,4
176,83,5
17,132,4
223,11,4
55,149,5
220,150,1
17,47,4
82,36,3
104,58,3
257,81,5
243,11,5
109,132,5
210,138,2
7,148,3
123,84,5
268,145,4
73,52,5
93,118,1
222,110,4
14,124,5
75,13,5
111,142,5
159,59,3
55,106,5
226,133,4
134,139,4
216,64,4
145,72,3
41,67,3
97,28,4
241,71,5
200,93,5
128,137,4
66,39,3
113,39,4
6,56,3
22,53,3
282,44,5
109,92,2
171,30,4
23,13,4
26,131,3
68,3,5
147,139,5
120,124,1
85,106,5
56,126,3
62,81,3
232,52,5
136,33,3
296,145,3
86,112,4
235,66,4
36,144,5
299,118,4
121,133,4
69,139,4
161,113,4
28,93,5
138,70,5
205,54,5
234,88,4
31,98,5
253,96,2
27,68,5
55,32,5
84,120,4
228,19,5
142,61,2
77,86,4
198,2,4
181,80,4
194,119,5
35,147,5
41,80,5
75,109,5
12,13,3
188,132,5
112,40,5
51,122,2
292,25,3
279,67,3
100,63,5
159,142,5
60,9,5
73,51,5
254,107,5
53,38,4
173,73,4
229,129,5
177,21,4
117,55,4
100,21,5
29,87,5
205,61,5
147,126,4
294,84,4
89,134,5
199,106,1
190,1,5
246,42,4
196,21,3
188,11,5
173,122,4
174,9,5
242,135,4
282,22,5
20,135,4
176,121,4
111,100,2
287,44,4
256,114,3
105,21,4
78,31,4
158,120,4
113,139,3
213,141,5
140,130,4
281,134,3
290,119,5
222,145,5
200,60,4
188,124,1
168,26,5
10,63,5
134,24,5
271,9,4
167,138,3
136,89,4
231,109,5
266,98,4
144,123,4
275,143,4
24,46,5
242,148,3
88,92,4
56,42,5
169,149,4
222,86,4
202,18,3
25,56,4
239,142,5
137,70,2
103,48,3
185,11,5
57,50,5
74,77,4
28,53,3
256,126,1
48,109,4
131,30,5
277,24,5
178,3,2
202,23,5
125,37,4
64,46,4
214,128,5
97,138,5
226,15,4
185,68,4
242,58,3
252,4,5
101,132,4
71,77,5
237,15,5
49,136,3
178,134,3
30,36,4
299,83,3
224,147,5
36,124,4
215,43,5
103,55,5
48,8,3
271,56,4
51,61,5
84,48,5
287,68,3
150,3,1
13,149,3
103,17,5
126,98,5
113,115,5
214,8,5
190,28,4
124,34,5
267,89,5
213,89,3
138,113,4
217,6,4
84,76,5
67,65,1
77,144,2
61,93,4
252,85,3
92,108,4
233,94,5
231,142,3
37,81,4
38,57,4
251,139,4
151,5,5
250,130,5
254,29,4
198,94,2
8,62,3
161,92,4
4,49,4
92,116,5
86,40,4
137,69,4
81,65,5
256,101,5
202,14,5
12,34,5
296,14,4
300,98,4
111,6,5
27,81,4
38,134,5
119,63,5
76,139,4
70,33,4
269,13,4
170,112,4
112,107,2
179,15,4
213,69,2
265,149,4
104,64,3
34,36,5
136,25,5
243,44,5
106,51,5
120,123,3
12,143,5
293,107,5
15,148,5
99,84,4
179,110,4
258,43,3
271,141,1
176,67,5
262,92,5
85,114,1
85,62,5
157,106,3
201,111,3
130,83,4
78,106,5
41,72,4
97,66,2
58,78,5
186,8,5
257,5,3
45,46,5
168,61,5
235,146,3
3,142,4
12,106,5
293,40,5
249,24,3
30,93,3
149,43,5
37,106,3
30,20,3
60,124,2
191,133,5
18,25,5
27,50,3
20,134,5
160,10,4
124,86,3
80,82,5
170,20,4
137,59,1
250,3,5
132,140,3
235,57,5
206,45,5
30,130,4
22,14,4
198,148,4
103,42,5
229,87,4
132,61,5
197,120,3
103,141,3
228,11,5
63,96,5
176,34,5
67,124,5
184,116,4
242,110,4
146,135,5
30,135,3
114,13,5
149,82,3
159,93,5
256,128,5
8,63,3
19,61,5
42,121,4
17,50,5
264,99,4
150,84,3
185,44,5
125,150,4
151,29,4
54,63,1
23,74,1
154,114,4
23,4,3
172,150,5
269,39,4
139,48,5
190,94,4
61,37,3
127,110,4
226,135,3
9,38,5
205,51,5
283,70,2
255,18,4
151,43,5
245,30,3
160,119,5
13,86,4
236,130,4
157,61,4
203,117,5
204,28,4
1,84,4
29,146,4
298,44,4
115,79,3
21,5,5
223,81,4
205,103,5
226,8,3
243,72,1
143,69,5
19,36,4
136,72,5
92,144,3
272,90,4
191,35,4
16,85,3
71,21,4
10,21,5
160,131,4
265,36,4
100,132,5
261,35,2
283,45,4
130,120,5
18,82,1
246,112,4
160,31,3
207,82,1
208,106,4
1,107,4
77,71,2
66,38,5
266,115,4
179,76,5
34,138,5
299,101,5
88,121,3
284,96,3
98,21,4
203,9,5
47,106,1
142,128,5
92,53,5
94,84,4
212,126,3
23,97,4
289,110,3
146,12,4
47,103,4
71,101,4
181,137,3
17,100,4
217,133,5
111,134,4
205,108,4
182,11,3
257,68,5
59,11,5
255,81,3
3,75,3
162,60,5
149,74,5
294,82,5
152,10,3
244,107,4
168,147,4
6,38,3
124,140,2
96,82,4
160,9,5
225,52,3
231,24,4
84,139,5
23,133,4
284,32,2
288,132,4
152,63,5
123,145,3
242,41,4
197,87,5
203,31,4
165,145,3
275,39,3
212,35,4
249,55,5
231,74,4
114,27,3
274,52,5
67,140,4
263,127,3
126,110,4
192,75,5
102,11,5
181,1,4
78,100,4
65,126,5
218,33,5
296,23,5
227,63,4
88,14,3
205,135,5
293,26,5
194,42,2
2,102,4
258,132,5
149,145,4
242,97,3
84,93,4
85,24,3
270,83,3
262,78,4
109,110,1
108,17,1
239,25,3
191,58,5
228,74,3
221,139,5
187,6,4
111,136,4
254,124,1
144,74,2
273,59,3
147,120,4
199,91,4
43,145,2
291,105,5
276,60,5
9,50,4
55,2,5
140,142,5
138,33,5
51,107,3
138,59,5
211,145,4
113,4,4
289,130,5
247,11,4
154,91,4
162,67,5
60,150,4
128,1,5
99,50,2
278,69,4
82,123,5
137,10,3
238,116,5
250,108,4
173,138,1
217,119,4
214,106,5
195,15,3
68,77,1
60,100,4
288,106,3
261,63,5
126,35,3
242,38,4
66,86,4
27,19,5
35,79,2
174,81,4
66,70,4
244,88,5
156,96,3
273,46,4
182,46,5
287,63,4
120,52,4
288,114,5
209,79,4
90,98,4
152,135,3
16,61,5
202,22,5
297,133,3
254,23,5
258,10,4
112,139,4
167,30,4
156,12,5
17,117,4
24,86,5
93,12,4
272,129,5
272,6,3
60,50,5
181,36,4
109,37,5
220,99,5
110,54,3
146,54,4
186,85,4
171,54,4
273,114,5
220,147,2
7,18,5
257,62,4
133,14,4
135,98,5
68,13,3
56,87,4
162,94,3
128,115,2
175,46,3
158,40,5
170,137,1
109,146,3
94,145,5
179,120,5
249,121,5
174,44,4
148,94,5
16,66,3
159,130,5
59,85,2
52,84,3
20,3,5
103,20,3
160,77,3
104,73,2
192,148,4
240,20,4
192,130,5
300,84,2
16,26,4
85,137,3
257,31,4
194,99,5
112,111,4
285,112,5
174,62,3
184,52,4
295,144,5
82,80,5
289,94,5
3,89,4
34,75,4
35,30,5
90,115,4
125,98,2
158,126,5
183,24,4
189,1,4
41,39,2
165,120,4
265,40,3
60,62,3
119,131,4
234,82,5
20,89,1
211,150,4
282,81,4
4,16,3
270,109,4
293,1,4
207,92,3
142,64,5
208,61,3
23,110,4
241,104,3
202,29,4
233,36,5
47,66,5
29,40,5
262,113,4
5,1,5
162,80,3
163,140,5
60,117,4
80,109,3
88,84,3
260,99,1
185,31,5
281,3,4
30,137,5
21,91,5
296,92,3
83,15,5
140,146,3
4,70,3
96,21,5
168,54,5
227,11,5
296,102,3
161,88,4
51,131,5
270,20,3
237,112,5
73,61,4
284,1,5
48,101,4
248,147,3
70,108,3
195,14,3
265,145,2
17,119,5
128,28,5
273,113,3
272,7,2
176,7,5
253,7,4
277,72,5
291,125,3
267,53,5
231,27,4
239,93,5
56,115,4
283,9,1
142,13,4
100,40,5
66,106,1
273,61,3
24,118,5
108,39,5
38,54,5
226,30,2
70,46,5
72,124,5
193,122,2
258,81,4
44,4,4
64,145,4
19,144,5
40,122,4
291,15,5
230,112,4
108,96,5
288,86,3
201,30,3
152,106,5
44,141,5
229,50,3
26,9,5
281,26,4
85,19,4
289,123,4
66,65,5
64,5,5
275,56,4
283,32,2
212,31,2
16,135,4
90,145,2
129,48,3
108,48,3
33,17,3
227,47,5
62,83,2
179,17,4
23,8,3
42,67,3
158,67,3
169,68,5
156,51,4
152,31,4
111,16,3
258,74,3
263,108,5
26,27,3
300,13,5
231,5,3
122,39,5
94,5,5
120,100,3
118,114,4
279,72,5
74,81,4
7,126,1
124,18,5
277,2,5
71,132,3
166,124,3
234,92,4
120,60,4
148,121,5
203,24,1
218,84,5
53,75,3
269,64,3
277,76,5
110,140,4
76,40,4
141,106,5
150,78,5
61,89,5
237,105,5
293,108,5
227,5,1
232,147,5
261,119,3
286,138,2
153,11,5
264,2,5
195,114,5
120,1,5
157,12,4
253,25,4
296,29,5
145,17,3
82,28,5
150,102,3
268,57,2
71,37,3
27,62,4
24,113,5
23,35,5
186,148,5
132,12,5
226,59,4
271,47,4
287,74,3
11,70,4
249,99,5
76,120,3
298,19,5
284,97,4
235,5,2
266,21,2
252,38,5
64,73,5
100,79,5
213,33,4
263,54,5
137,96,5
36,12,3
26,132,4
71,11,5
54,142,3
220,42,5
119,81,5
234,93,2
246,139,5
2,54,3
295,51,5
275,98,5
33,32,5
232,12,5
159,71,4
82,73,5
281,135,4
6,117,1
5,89,5
24,22,4
217,56,5
293,149,5
155,51,3
202,84,4
225,16,4
212,27,3
25,96,4
89,97,5
100,19,4
262,88,5
153,117,5
11,84,5
282,92,4
179,52,3
235,12,5
233,118,2
125,62,4
100,50,5
210,119,5
278,109,5
300,23,4
121,111,4
111,36,4
254,118,5
3,41,5
36,104,4
120,147,4
69,107,3
95,11,4
90,130,2
128,83,4
283,146,5
199,116,3
6,13,4
194,74,5
160,34,3
66,56,5
191,13,4
182,113,3
16,146,5
133,95,4
38,7,5
42,119,4
10,104,3
66,133,3
171,140,3
148,130,3
298,117,4
146,21,2
204,67,3
108,15,4
243,131,4
42,6,5
244,14,4
99,114,5
156,36,3
15,62,3
69,120,4
279,54,4
180,58,3
222,58,4
236,73,3
261,11,5
219,97,4
291,111,4
26,121,4
151,137,3
296,116,1
290,131,4
279,17,4
196,77,5
162,74,2
146,20,2
181,53,3
194,37,4
64,107,5
41,73,5
3,139,5
157,122,5
57,77,5
29,6,4
276,81,5
179,65,5
156,124,5
115,64,3
212,148,5
98,47,3
215,13,3
96,46,5
7,29,5
113,74,2
247,31,4
296,40,5
203,19,4
217,69,5
25,38,4
96,114,4
282,62,5
164,38,5
229,137,2
41,1,4
35,116,5
41,118,1
113,40,2
271,150,4
125,81,5
48,133,5
237,55,5
151,147,1
256,148,4
194,77,5
237,20,4
79,11,4
26,100,5
262,5,5
224,26,5
135,115,5
148,93,4
106,26,3
54,75,3
295,26,4
166,101,4
249,65,4
103,111,5
114,93,3
81,139,5
196,95,5
282,9,5
30,75,3
82,23,2
252,107,5
203,74,4
143,136,3
249,109,4
156,107,4
270,110,5
249,105,5
63,135,2
212,17,5
274,97,5
43,74,4
238,54,4
68,124,5
160,106,4
168,36,2
30,80,5
296,46,5
95,78,3
164,150,4
38,3,4
248,40,5
23,127,4
156,121,4
244,113,3
26,107,5
165,139,4
270,4,4
213,43,5
229,17,5
183,76,3
287,106,5
236,53,5
247,79,3
113,31,4
180,137,4
133,84,5
206,35,5
47,12,5
297,73,3
136,71,5
32,17,4
113,143,4
68,49,4
88,59,5
96,78,5
242,133,4
128,16,5
116,4,3
90,64,4
40,116,3
59,28,4
168,51,5
170,144,4
206,122,5
62,142,2
72,30,4
111,7,4
266,35,5
49,123,3
144,130,3
269,97,4
10,134,2
154,88,4
163,30,3
266,133,5
213,18,5
295,30,3
255,10,5
273,132,2
99,88,5
23,64,4
279,53,4
296,33,4
86,76,5
143,35,5
207,72,1
112,90,5
290,81,5
226,62,3
226,18,5
215,95,5
25,136,5
228,37,3
84,44,2
95,138,2
161,33,5
196,122,2
299,110,5
32,47,3
163,98,4
170,111,4
229,20,4
193,81,2
211,22,4
128,80,5
151,74,5
120,6,4
73,57,3
261,150,4
124,84,3
264,90,4
195,82,4
38,26,3
195,122,1
276,95,3
151,113,5
75,27,4
5,83,4
180,7,5
211,44,1
262,33,5
262,102,5
42,104,3
51,74,4
267,72,3
60,149,4
139,103,4
104,86,5
146,131,3
241,16,4
11,88,5
293,45,3
219,4,5
221,98,2
156,61,4
268,117,3
119,11,3
140,83,4
67,120,2
266,128,4
109,81,5
25,69,3
9,139,2
192,138,4
274,90,5
5,67,5
54,6,3
94,78,5
51,43,1
270,86,4
115,27,5
110,144,4
173,116,5
297,28,5
180,72,5
93,134,5
60,91,5
80,23,4
138,90,5
263,140,5
257,19,4
78,63,5
141,44,5
139,55,3
220,139,3
165,65,4
236,146,4
103,90,5
7,114,5
124,5,5
164,97,3
242,69,5
115,148,4
212,69,4
12,131,5
53,96,3
63,127,5
263,20,4
18,138,3
39,47,4
52,13,5
300,149,3
77,69,5
15,122,3
12,63,4
189,78,1
295,57,5
108,47,2
218,133,5
279,148,4
62,120,4
249,112,4
63,16,3
177,63,4
151,112,3
216,11,4
62,74,4
144,60,4
74,47,4
40,52,3
89,30,4
298,9,5
156,57,5
267,109,2
17,10,5
230,48,5
105,47,5
205,49,4
104,8,5
279,125,4
28,15,3
200,22,5
201,57,3
10,105,2
64,24,4
272,149,4
203,61,3
108,136,5
187,16,3
293,135,5
155,26,4
84,20,5
88,81,4
187,61,3
258,56,2
74,31,4
142,58,5
244,43,5
77,15,2
54,71,5
134,90,5
215,34,5
184,38,5
169,55,5
105,117,5
188,10,5
237,129,4
97,89,5
173,140,4
115,93,4
291,32,4
250,52,5
199,103,4
237,66,3
177,44,5
169,32,3
266,82,3
160,105,2
55,71,1
98,126,4
65,90,3
173,86,3
25,26,2
118,67,2
81,76,3
185,150,5
273,84,5
84,2,4
107,48,3
6,148,5
205,3,4
161,107,3
83,120,3
100,34,5
7,106,4
76,82,2
1,118,4
266,38,5
149,59,3
261,51,3
125,63,5
27,147,4
74,9,4
119,59,1
14,119,1
73,146,3
219,13,4
244,70,4
251,133,3
55,99,3
95,127,4
8,132,5
50,54,5
133,88,5
74,74,5
93,56,1
150,73,3
149,49,3
60,8,4
82,53,5
176,75,5
128,95,1
218,5,3
97,67,4
213,102,4
278,96,5
19,66,4
139,112,5
189,61,5
71,121,3
108,12,2
267,83,5
129,60,4
79,95,5
138,92,4
19,49,4
7,91,5
258,62,5
6,34,4
194,21,5
269,69,3
61,25,4
256,58,3
24,111,4
87,58,5
125,133,1
236,28,3
127,98,5
144,39,1
153,131,3
89,108,5
261,21,3
63,38,4
230,99,5
180,80,5
247,63,5
158,144,1
202,88,4
185,37,5
270,47,2
54,131,5
224,145,2
93,150,3
72,3,5
290,106,3
51,79,3
24,59,5
282,32,4
270,28,1
193,40,3
28,75,5
103,123,2
69,48,5
140,1,4
143,8,3
66,97,5
251,136,3
80,146,3
135,8,4
260,73,5
227,10,5
187,98,3
23,58,3
38,103,3
232,51,5
269,143,5
215,40,5
153,80,3
207,34,3
207,132,5
46,84,4
24,122,1
86,125,4
39,74,4
236,48,5
163,122,5
272,126,4
174,135,2
43,81,5
186,97,5
129,142,3
97,25,4
216,77,5
295,134,5
2,95,5
85,132,5
227,77,5
98,91,4
190,7,5
25,5,5
65,129,5
156,49,3
286,12,4
18,139,5
182,95,3
216,116,2
296,43,5
18,32,4
11,102,4
211,113,4
204,89,3
219,86,5
85,77,4
271,131,4
290,125,4
220,125,5
104,102,2
210,23,5
244,5,5
183,2,4
190,36,4
300,54,5
132,104,4
260,138,3
161,38,1
261,9,5
193,114,3
137,121,2
219,39,3
10,68,4
70,5,4
12,132,4
274,149,5
228,100,5
298,79,4
38,147,4
103,125,3
128,6,5
223,74,5
180,121,5
26,79,5
119,117,3
181,89,4
98,74,5
205,57,3
158,121,2
150,87,2
225,120,1
78,50,4
131,100,3
65,93,3
175,42,3
163,57,4
210,21,4
198,32,5
172,19,5
226,127,3
292,37,5
107,4,3
142,101,5
122,20,4
265,20,4
298,62,3
114,12,4
270,143,5
137,35,5
186,132,1
162,16,5
30,113,2
101,29,2
179,27,5
150,11,3
93,49,5
74,37,5
7,41,3
290,114,3
298,128,3
144,26,1
178,85,5
259,33,5
253,2,3
221,105,5
47,54,4
257,74,4
90,128,5
289,41,5
17,74,5
118,82,5
62,133,3
223,114,1
130,133,2
79,22,3
242,86,5
173,43,2
87,86,5
231,39,4
180,15,3
200,134,4
300,128,4
39,78,1
55,81,1
210,3,3
250,136,1
111,25,5
188,115,1
141,100,4
93,22,3
190,67,5
28,33,5
212,109,5
116,46,4
58,141,5
53,4,4
87,78,3
170,130,2
162,6,5
133,67,4
299,85,4
42,16,5
297,117,2
236,41,3
29,149,4
260,64,5
240,139,5
216,21,5
172,134,3
217,27,4
138,95,3
175,22,5
10,74,4
247,21,3
20,122,5
92,26,5
111,83,5
10,100,5
105,68,3
127,150,4
38,104,5
106,126,3
198,37,2
186,98,4
102,34,5
200,132,1
194,31,5
135,136,5
100,100,5
7,82,3
73,66,3
34,6,4
274,20,5
191,98,5
1,56,2
198,149,5
293,30,4
109,11,5
30,107,1
272,55,3
81,122,1
271,34,2
85,130,3
48,143,4
86,99,4
97,142,5
5,94,5
116,34,3
227,87,1
71,131,5
178,72,2
124,29,5
217,147,5
61,144,1
280,36,4
83,139,5
233,6,5
120,134,2
29,116,5
12,9,5
225,89,4
61,1,5
141,37,4
147,149,4
101,68,5
139,105,5
50,122,5
119,47,5
78,19,4
32,48,5
13,40,5
242,96,5
285,69,5
40,146,4
194,68,5
155,45,3
32,65,4
4,61,3
112,20,4
46,5,3
271,44,4
242,5,5
87,56,5
47,33,5
105,74,3
294,107,4
5,142,5
41,96,3
101,31,5
232,138,3
131,143,1
182,5,3
300,75,3
138,88,5
247,47,3
156,98,5
259,55,4
233,83,3
51,31,5
287,145,2
154,18,4
276,143,4
191,111,2
114,101,5
288,82,1
263,88,4
7,141,4
78,70,5
199,61,4
96,84,4
267,85,3
176,1,5
76,2,5
285,45,1
99,101,3
275,148,5
79,20,3
89,144,3
96,22,5
238,103,5
194,92,2
15,143,3
257,3,3
292,63,5
247,114,1
46,118,5
294,43,4
260,133,4
158,17,5
205,78,1
101,57,5
259,88,3
176,10,3
132,146,5
130,54,1
89,140,5
225,53,4
168,116,3
79,37,3
27,117,4
167,7,5
227,150,5
121,48,5
288,59,3
156,71,4
269,128,5
122,139,5
188,117,3
281,1,2
52,14,5
80,83,3
255,131,5
231,98,5
197,58,4
102,74,5
213,59,4
153,37,4
188,106,4
288,58,3
263,109,1
264,64,4
1,59,5
146,3,5
10,9,5
225,121,5
143,65,2
278,98,3
173,61,5
74,86,1
71,44,4
292,113,3
285,115,3
283,26,5
98,9,3
173,45,5
14,108,4
280,94,5
15,8,4
196,103,1
271,74,5
110,135,3
74,3,1
225,75,5
231,26,2
283,144,4
19,117,2
105,106,3
233,16,3
190,33,1
4,43,3
261,114,1
254,16,3
45,95,5
222,80,3
94,92,4
158,38,2
82,94,5
20,66,3
280,133,5
238,144,4
134,42,5
147,109,3
258,37,3
115,88,5
217,97,5
2,145,4
51,77,5
144,28,4
262,145,5
299,127,4
80,5,4
13,133,5
66,115,5
115,98,5
166,85,4
186,38,5
72,26,3
178,64,5
67,121,5
274,2,4
236,87,1
175,63,2
286,6,5
97,36,5
66,148,3
161,87,4
39,44,5
113,112,4
19,17,2
32,24,5
143,50,2
271,132,5
31,115,5
119,49,3
190,84,4
27,119,4
184,33,5
160,150,5
35,121,5
208,17,3
114,131,4
18,111,5
206,135,3
36,122,4
181,142,5
291,42,5
217,85,5
110,26,5
33,120,3
181,73,4
179,105,5
54,121,3
227,119,5
109,26,3
89,66,5
90,39,3
178,128,4
215,46,5
231,71,3
190,140,1
157,3,3
237,73,3
231,104,2
70,149,5
22,4,2
271,39,2
292,59,2
229,149,5
22,34,5
25,148,5
58,33,3
78,132,4
271,77,5
285,109,4
181,25,5
124,23,4
19,147,3
151,145,4
172,63,5
230,90,5
174,68,3
87,138,3
116,95,5
257,10,5
228,40,5
24,145,3
88,102,4
130,53,2
144,17,5
49,39,4
278,97,5
185,50,3
197,20,4
132,49,4
261,99,4
76,15,5
172,9,3
198,90,5
174,19,4
77,39,5
25,39,5
152,132,5
12,118,1
272,2,4
60,115,3
43,68,4
31,118,4
290,10,5
68,74,4
152,77,4
273,101,2
190,142,5
113,107,5
276,117,4
14,144,5
223,106,5
62,132,5
42,62,4
72,41,5
27,131,4
240,56,5
91,142,4
164,63,5
46,141,5
221,99,5
76,126,5
285,136,3
82,67,4
16,50,2
274,139,5
254,84,4
114,97,4
143,13,4
204,53,5
296,44,2
116,26,5
22,22,4
194,131,4
130,70,3
256,133,5
115,128,5
262,84,4
106,140,3
37,27,1
203,37,5
81,96,4
114,52,2
298,37,5
86,20,5
155,43,3
51,12,5
64,22,3
168,83,1
224,124,5
244,82,4
64,33,4
158,65,4
179,87,4
13,4,4
67,75,3
159,95,2
278,39,4
157,135,3
38,30,5
188,146,5
201,140,5
268,124,4
89,3,4
55,139,4
113,60,3
16,104,5
87,21,2
246,40,5
130,40,5
44,34,5
286,114,3
45,141,5
233,74,3
183,59,1
54,85,1
204,123,5
223,57,5
29,103,4
35,49,3
153,9,4
160,79,4
128,36,3
67,25,4
278,110,5
47,26,4
179,99,4
1,82,4
40,140,5
107,148,5
240,76,5
231,96,4
253,137,3
292,21,5
4,124,5
62,77,4
228,21,5
297,75,5
140,60,3
240,96,2
151,82,4
42,96,1
263,134,5
222,8,4
182,32,5
81,120,5
210,47,5
177,90,2
153,79,3
50,66,5
78,119,5
7,63,1
6,85,5
111,123,5
165,48,5
5,4,3
149,78,5
235,134,5
215,33,4
49,65,4
289,83,4
206,98,3
288,150,4
91,28,4
229,76,3
241,69,4
240,102,5
196,9,5
20,126,3
12,11,5
271,119,5
137,85,5
245,45,5
246,32,3
253,16,4
268,37,5
8,10,3
139,50,1
115,96,4
6,64,5
203,62,3
75,56,5
209,131,5
177,3,3
292,11,4
129,83,4
260,97,5
37,79,5
222,69,3
114,69,5
196,62,4
177,103,3
151,14,5
257,85,5
202,114,3
21,23,3
40,30,4
183,72,4
176,64,3
207,135,5
261,79,4
71,119,5
295,83,3
163,84,5
52,56,4
174,21,4
34,80,3
165,26,4
114,76,4
269,101,4
117,130,4
115,78,2
251,141,4
82,120,2
155,108,5
6,124,4
20,49,3
220,23,1
172,72,5
224,54,5
77,128,5
276,126,4
199,146,5
79,44,4
15,86,5
128,98,3
287,58,3
289,60,4
198,17,4
149,95,5
259,23,3
51,9,3
162,33,2
139,20,4
280,89,4
103,81,3
118,46,5
288,128,3
295,45,4
227,21,5
189,9,2
192,60,3
28,130,4
50,140,4
271,127,3
153,132,4
289,137,4
184,14,5
78,46,1
137,101,5
274,129,4
51,41,4
263,141,3
68,101,5
142,136,5
293,141,4
189,45,5
114,148,3
133,145,5
59,25,5
77,98,5
218,23,5
284,142,3
292,3,1
93,104,4
219,38,4
185,25,5
159,80,4
135,110,3
122,87,4
196,19,3
109,79,4
221,125,4
230,97,2
38,98,2
234,5,4
5,7,4
152,119,5
107,110,3
110,146,4
60,47,3
92,140,5
202,77,1
259,22,5
27,132,5
259,138,2
68,146,5
154,92,4
48,136,5
30,138,5
69,32,3
161,54,2
216,31,5
62,117,4
211,5,4
264,65,4
47,140,4
149,92,4
206,12,4
193,16,4
14,66,4
131,44,1
50,144,4
300,64,4
189,122,4
11,76,3
107,97,5
166,88,5
180,83,3
106,91,3
269,27,5
284,6,5
294,33,5
99,142,5
224,66,5
256,136,4
68,54,4
289,109,3
92,37,1
290,47,5
5,50,4
241,83,5
113,96,4
207,81,3
29,112,3
299,115,3
206,30,4
216,74,5
240,65,4
245,38,5
277,58,3
290,19,3
19,52,4
8,19,5
74,32,2
245,126,3
240,73,5
250,135,5
225,138,4
91,71,5
50,137,3
128,25,4
160,21,4
88,118,4
232,66,5
263,64,5
182,82,3
186,47,1
59,71,4
113,129,4
22,114,3
258,59,2
138,105,1
261,24,2
276,11,5
99,24,3
40,12,5
264,55,4
145,80,5
211,3,2
176,109,2
66,136,3
24,88,3
223,131,5
23,32,3
33,125,5
297,137,5
101,89,1
186,136,4
78,10,4
108,143,5
99,34,3
29,12,4
67,123,3
187,31,1
232,116,5
101,37,5
107,127,3
261,132,4
178,10,1
81,125,5
97,1,5
37,19,4
292,150,4
230,76,5
146,104,3
37,21,4
266,143,4
164,44,3
32,76,5
117,90,5
171,138,2
37,28,3
267,71,4
179,2,5
176,130,4
118,33,4
43,21,3
124,118,3
238,12,5
12,37,5
78,69,3
164,84,2
194,103,4
69,149,5
260,33,2
181,83,5
170,129,4
13,110,5
237,3,3
125,50,4
210,11,4
211,64,4
149,22,4
55,64,2
185,27,3
53,129,5
135,35,5
126,58,5
27,38,4
295,135,5
263,12,5
218,91,4
114,57,2
80,88,5
176,73,5
93,57,5
91,64,5
220,15,5
18,125,5
113,38,3
203,79,3
176,60,5
9,128,5
30,89,5
292,34,3
242,136,4
14,52,5
126,39,5
144,7,5
163,34,2
201,135,5
17,49,2
295,20,2
206,88,4
149,52,2
93,45,5
209,37,5
113,144,5
299,94,3
44,114,5
73,104,3
30,73,5
270,101,4
94,43,5
94,114,5
58,75,5
292,132,4
258,100,4
10,20,3
127,143,4
197,112,5
225,103,2
65,40,5
241,28,5
192,93,4
73,122,5
125,67,3
197,42,5
239,53,5
65,32,3
241,89,4
163,12,5
101,47,4
274,70,3
64,14,4
150,34,4
277,54,4
49,4,4
41,121,5
77,85,4
145,130,3
65,68,3
259,105,4
158,76,5
297,6,5
243,9,5
67,57,2
182,72,3
228,9,4
74,150,4
231,136,5
250,140,4
127,97,4
281,54,5
166,107,5
187,102,1
211,34,5
203,112,5
273,88,4
286,49,5
233,28,5
221,47,3
108,4,5
273,29,5
135,49,3
197,17,5
125,104,2
111,138,5
65,26,5
115,4,4
180,1,5
117,12,4
120,25,4
258,4,1
249,3,5
15,22,3
74,79,5
155,114,3
112,79,1
176,25,4
93,124,5
162,27,5
30,16,5
156,104,5
214,56,4
197,90,5
108,85,4
61,99,2
180,130,3
104,29,4
82,16,4
214,64,3
185,117,5
300,85,3
277,22,1
28,39,1
287,81,5
217,38,5
17,21,5
266,78,3
155,30,4
45,43,5
82,20,4
283,39,5
203,38,2
291,87,4
23,148,5
166,123,2
278,29,4
300,136,5
116,18,3
1,23,5
285,86,5
62,86,5
218,107,5
203,99,1
231,110,4
249,135,3
172,57,2
70,61,3
22,33,5
176,5,1
33,105,4
122,29,2
135,85,5
150,76,3
248,108,3
93,146,5
90,109,4
142,133,5
213,95,4
230,125,4
142,8,3
188,21,5
87,13,3
289,28,5
161,77,1
195,5,5
162,25,4
90,127,4
186,143,5
123,29,5
298,77,5
245,54,3
97,129,5
257,44,4
274,32,3
248,24,4
277,103,1
151,34,4
241,137,3
22,20,2
187,120,1
243,68,4
280,142,5
153,63,5
147,15,5
134,17,4
170,145,4
244,145,4
269,8,5
123,46,4
287,102,4
40,92,3
191,25,2
275,136,3
177,81,5
180,39,2
183,87,3
61,6,5
99,23,4
232,26,5
295,24,4
173,60,3
215,37,5
173,42,3
153,129,5
179,88,4
230,24,4
296,82,5
226,114,5
77,100,3
166,102,3
113,35,5
101,79,4
93,108,4
250,54,5
289,71,4
230,118,5
88,88,4
226,70,4
279,94,4
186,34,4
187,83,5
192,81,2
125,77,5
111,121,5
55,42,5
17,19,5
11,18,4
35,108,3
298,119,5
119,77,4
43,31,5
33,102,1
224,52,5
192,7,3
14,30,4
207,12,4
61,80,3
280,6,4
5,98,1
280,73,4
163,55,3
252,109,3
225,25,4
90,86,5
59,73,4
265,129,4
102,48,1
287,110,2
290,37,5
235,112,1
200,130,5
9,115,5
199,147,5
146,144,4
42,82,1
229,99,5
279,128,3
66,30,4
224,105,5
197,99,3
82,108,3
67,138,3
163,148,3
261,95,3
179,55,5
182,107,5
14,106,4
264,32,5
52,96,4
1,114,4
271,27,5
92,104,5
6,136,5
251,140,4
69,99,5
171,57,5
241,55,5
12,19,5
86,90,5
155,140,4
27,102,5
74,63,5
150,130,2
103,129,4
238,104,5
6,4,3
210,9,5
78,133,2
238,82,4
90,110,4
157,62,2
215,14,3
171,148,2
205,147,3
129,73,4
282,132,5
161,130,2
54,67,4
92,41,1
16,53,5
263,3,4
14,140,5
14,40,5
56,139,5
27,11,4
285,4,5
189,34,3
141,92,3
221,126,4
3,77,1
154,34,3
63,97,5
48,14,4
170,24,5
104,127,5
247,27,3
36,135,5
140,25,5
272,32,5
183,54,3
14,116,5
297,106,4
108,127,5
213,113,4
187,75,4
142,47,3
56,32,4
186,127,5
141,124,4
107,140,4
228,81,5
39,32,4
294,5,5
253,83,4
76,24,3
286,45,5
84,105,5
14,26,4
140,89,5
64,84,5
55,127,4
277,65,5
59,123,5
63,72,1
88,27,1
177,125,3
97,137,4
288,62,4
4,102,5
84,40,5
9,85,5
186,17,4
113,8,4
61,65,5
77,64,5
235,140,4
1,136,3
241,1,5
43,62,5
39,63,5
28,138,3
19,3,5
273,5,3
22,55,1
170,42,5
32,87,5
192,16,5
61,142,4
206,20,5
170,126,5
243,74,4
3,6,5
52,58,3
190,16,5
74,68,5
103,2,4
20,140,4
117,148,5
236,119,4
200,89,5
84,11,4
220,2,5
15,27,5
3,71,4
215,70,5
289,127,5
27,77,4
192,121,4
123,32,2
196,27,1
175,36,1
168,112,1
239,7,3
248,76,4
140,138,5
196,14,1
141,10,4
112,87,5
35,150,5
163,106,3
158,111,4
78,47,5
91,137,5
223,50,4
181,41,3
284,137,3
115,20,4
190,80,4
235,3,4
27,49,3
200,67,4
28,132,3
210,80,3
263,40,3
24,28,2
153,57,1
185,99,4
204,132,3
201,103,3
14,134,5
130,24,3
187,62,2
52,97,5
225,83,4
2,82,5
238,30,5
82,72,5
122,109,3
116,102,5
123,14,4
286,148,4
236,7,5
187,94,5
51,68,3
278,133,4
222,39,4
202,46,4
232,74,3
226,25,2
215,118,5
170,139,5
248,65,4
179,32,5
147,99,5
24,5,5
215,82,3
24,29,5
231,20,2
219,143,5
234,91,4
18,150,2
121,42,5
213,14,3
204,146,5
255,50,5
238,135,5
241,142,4
286,116,4
156,66,4
218,43,4
81,133,1
299,124,2
143,128,5
75,127,5
95,3,5
294,118,5
96,118,5
231,86,4
278,140,4
77,116,4
26,135,1
141,131,4
178,69,5
12,74,3
176,71,5
167,94,5
18,99,5
198,76,5
59,1,4
86,129,3
181,60,4
193,142,5
103,99,5
26,32,4
29,45,5
214,143,5
213,37,4
34,51,3
107,13,4
67,71,5
241,73,4
145,78,1
191,38,5
273,141,5
137,127,5
113,69,5
93,120,5
195,84,5
292,74,3
155,124,4
66,143,3
109,21,5
122,55,5
202,149,4
103,120,5
200,14,5
203,101,3
168,122,4
175,14,5
10,47,5
254,28,4
188,145,4
31,32,4
294,131,2
56,14,3
89,133,3
200,35,3
224,144,3
165,2,4
16,52,4
251,4,4
51,19,4
68,52,4
203,81,4
97,6,5
155,77,5
119,31,5
34,140,2
274,125,3
10,131,4
224,3,3
162,137,5
214,38,5
168,146,3
294,46,5
161,95,5
294,78,4
127,64,3
65,120,4
51,106,5
21,107,5
298,131,5
187,91,2
143,120,5
173,118,5
77,38,4
200,83,3
292,119,4
63,87,5
9,143,5
129,121,4
94,88,5
222,101,5
280,135,4
214,110,5
139,125,4
185,18,2
263,147,4
244,22,4
205,116,3
181,122,4
62,44,5
193,61,4
193,28,4
161,99,3
296,108,2
27,16,3
271,19,5
291,149,5
51,63,5
264,83,2
118,84,5
143,127,5
85,37,5
87,98,5
38,122,4
206,50,3
247,2,5
22,18,5
134,129,4
147,136,3
91,36,5
252,98,4
56,76,5
167,18,2
206,140,4
220,17,3
63,35,4
129,77,1
122,105,3
180,94,4
272,76,5
145,28,4
44,20,4
248,129,5
164,132,3
273,150,3
220,48,5
190,6,4
290,100,5
291,85,3
155,16,2
83,145,3
217,10,3
136,7,5
180,21,1
22,123,3
95,70,1
183,27,4
22,46,4
272,59,2
177,137,2
113,136,5
286,141,1
253,95,1
23,69,5
46,18,3
290,9,4
219,64,5
129,20,2
224,12,4
172,34,2
72,116,5
175,113,5
56,48,5
262,118,4
39,57,3
253,142,5
61,53,3
66,8,4
299,125,5
269,134,2
174,150,5
246,20,5
144,142,4
234,34,4
221,30,1
229,15,4
73,26,5
30,94,5
239,28,5
194,100,5
229,55,3
122,76,4
266,68,3
161,56,1
120,88,3
17,112,4
164,15,2
165,142,5
188,150,5
191,74,2
55,137,2
32,120,4
265,133,2
71,68,5
106,52,4
121,2,5
250,22,3
209,139,1
167,93,3
19,135,5
176,53,5
234,4,1
150,43,5
119,114,1
104,97,3
225,6,4
184,123,4
226,92,5
108,115,5
264,48,5
273,71,5
175,88,5
52,115,3
98,44,5
98,149,5
81,112,5
202,16,2
127,67,5
293,5,3
150,14,3
237,76,4
59,83,5
274,40,4
131,66,3
269,107,1
54,73,5
47,37,2
138,102,4
120,86,4
162,96,2
238,57,3
236,60,5
264,7,2
90,131,4
42,89,4
277,9,3
274,24,4
289,121,5
272,58,5
251,110,5
250,147,5
204,137,3
259,121,1
117,120,5
216,44,5
267,93,4
127,69,3
113,105,2
139,76,3
268,77,4
229,59,4
29,63,3
40,105,5
279,123,4
285,58,4
209,11,4
99,91,5
210,148,2
142,143,5
264,4,3
173,104,5
69,112,4
195,121,4
112,33,1
123,111,2
45,34,4
95,109,4
280,72,5
198,42,5
115,31,2
224,61,5
87,115,5
11,118,5
103,149,5
238,115,5
110,116,5
220,112,4
102,79,5
99,47,2
254,5,4
237,99,4
189,147,4
119,50,4
250,104,5
95,49,5
136,11,3
274,54,4
196,47,5
13,27,5
269,98,5
189,49,5
161,28,2
117,72,4
19,51,4
108,101,4
287,8,5
161,139,3
182,33,5
236,147,2
247,77,4
207,30,4
265,31,3
130,90,5
156,72,3
112,30,3
186,57,3
84,84,4
2,59,5
266,127,5
244,19,3
239,81,3
11,10,3
259,114,5
11,92,4
175,34,5
300,86,4
148,57,4
88,43,5
253,80,3
65,128,5
72,55,3
34,7,5
294,102,4
262,29,5
253,130,5
55,87,4
182,34,5
290,79,4
124,60,4
120,125,4
17,63,5
259,29,5
106,61,5
88,114,3
227,79,5
210,126,4
7,33,3
152,105,5
164,62,5
222,148,5
129,72,5
19,12,5
280,137,4
83,126,5
257,79,4
260,56,5
196,119,5
141,21,4
141,6,4
129,24,1
41,86,5
264,142,4
101,10,4
209,31,4
292,102,2
114,59,4
49,38,4
138,85,3
145,4,1
186,4,5
107,135,5
296,78,5
61,11,4
88,46,4
9,127,5
274,64,1
281,147,5
103,87,4
223,70,4
51,20,4
100,150,4
273,107,5
255,150,4
214,39,4
247,106,4
183,50,3
71,80,3
158,109,3
112,2,5
208,47,5
174,148,1
67,60,5
27,44,4
293,57,5
25,137,3
75,86,5
13,96,4
136,28,5
22,95,3
267,102,1
292,115,1
14,57,5
51,25,3
150,33,5
115,126,2
122,125,4
221,134,4
234,146,3
274,16,2
280,65,4
36,147,5
264,24,5
41,130,5
295,104,5
70,69,5
267,80,5
281,61,4
131,61,5
162,89,4
23,21,4
159,109,4
39,68,5
238,3,4
239,137,5
300,27,5
119,125,3
89,104,4
30,70,5
270,145,5
163,45,5
31,128,5
193,94,4
89,96,5
46,43,5
250,51,4
134,35,5
181,130,4
264,3,1
245,49,4
130,2,3
26,19,5
299,69,4
102,117,5
225,28,4
188,119,4
246,2,5
105,71,1
116,82,5
32,55,5
294,141,3
202,43,5
287,19,5
285,127,5
250,85,4
173,134,5
300,148,4
124,56,3
88,145,4
272,15,3
120,142,5
263,57,5
261,19,4
147,87,4
124,91,5
183,55,3
112,72,2
228,112,4
258,90,2
69,76,4
1,89,4
54,55,2
78,3,3
147,76,4
169,2,5
161,59,5
222,85,4
50,129,2
5,70,2
88,78,5
212,133,5
67,93,5
210,121,1
245,117,2
69,105,5
143,140,2
116,10,4
258,117,3
160,40,3
144,46,5
46,34,5
120,81,4
47,51,5
276,131,5
53,82,4
85,44,4
131,94,2
241,138,4
188,47,4
291,112,4
15,69,4
267,75,4
203,11,5
92,134,5
197,76,5
245,147,4
72,79,1
172,49,5
223,34,5
250,103,5
85,46,3
59,93,3
281,52,5
187,70,1
259,46,5
290,67,2
291,48,5
214,85,5
114,85,3
46,134,3
68,134,5
172,100,4
296,107,4
35,142,1
226,69,4
2,84,5
87,127,5
169,24,3
225,67,3
226,22,5
69,2,5
254,88,4
82,121,4
78,79,4
44,5,5
183,125,5
235,116,5
133,46,3
212,56,5
285,130,1
82,148,3
68,135,4
78,34,4
119,80,4
212,37,3
126,118,4
106,45,5
188,31,5
31,13,5
180,36,4
287,131,5
40,66,5
27,31,5
276,68,5
58,84,4
84,25,4
159,67,5
40,35,4
30,109,4
238,124,5
143,98,5
296,95,5
294,34,4
100,11,5
114,96,5
232,103,5
74,50,3
206,116,4
277,90,3
79,19,3
182,18,4
221,87,5
3,4,2
214,35,4
61,72,3
42,1,3
242,128,4
278,127,3
27,116,3
165,105,5
186,137,5
223,29,4
194,109,5
204,21,1
102,62,5
282,67,3
292,117,5
57,19,5
270,118,4
91,94,4
13,128,4
35,3,4
3,73,3
108,69,4
267,6,5
275,85,4
139,137,3
165,64,4
160,100,5
24,43,4
277,99,5
244,34,5
112,135,3
107,8,5
80,102,5
216,26,4
32,149,5
208,119,4
209,109,5
37,31,4
40,111,3
246,50,3
33,112,4
125,74,5
265,139,5
69,71,3
155,12,4
22,82,5
91,82,1
181,67,5
67,130,5
238,108,3
222,109,4
140,67,3
247,150,5
6,109,4
104,128,4
224,134,4
115,125,2
104,85,5
152,95,2
229,65,5
105,77,5
94,102,5
197,125,5
58,82,4
209,50,5
48,97,3
267,34,3
230,40,4
173,30,5
243,103,2
55,108,2
204,72,5
166,113,3
277,112,3
35,61,5
185,45,1
233,41,4
123,18,4
203,150,4
85,119,4
18,17,5
179,6,3
282,100,4
264,40,5
261,42,5
106,147,5
17,45,4
31,83,5
237,17,5
150,53,3
8,77,5
300,115,5
286,52,5
68,119,4
90,27,4
168,85,2
206,41,3
199,105,2
218,121,2
177,67,3
234,138,5
217,109,4
258,113,2
208,68,3
265,11,3
15,113,3
221,20,5
100,47,5
139,149,3
106,29,3
102,94,3
134,65,5
74,44,4
46,54,5
198,139,5
239,41,4
243,88,3
80,84,3
291,99,3
114,8,4
163,3,4
291,139,4
34,130,4
2,46,3
127,56,4
148,36,4
153,21,4
169,48,5
203,133,3
32,89,5
189,81,3
8,125,3
198,105,5
158,4,1
263,26,3
285,64,5
284,25,3
37,150,4
184,51,5
259,84,4
198,126,5
287,52,4
185,10,4
222,27,5
120,89,4
197,138,2
140,15,1
202,91,5
200,53,3
18,47,5
240,59,4
50,135,5
86,48,4
195,33,5
231,17,1
89,34,2
254,14,5
107,27,5
279,142,3
46,145,5
22,88,5
56,114,2
63,50,1
150,65,3
8,70,4
275,38,5
257,100,4
132,54,3
261,81,5
284,75,4
22,141,4
27,125,3
266,101,5
282,74,3
255,19,3
55,114,2
219,128,5
134,55,5
69,55,5
105,81,5
128,123,5
70,29,4
146,41,4
59,107,3
168,57,3
250,57,5
71,74,5
90,143,4
259,15,4
43,91,1
189,71,4
297,123,4
189,76,2
150,7,1
59,41,5
298,10,3
159,100,3
276,47,5
89,54,5
274,99,5
242,29,1
220,77,3
177,100,5
9,56,4
192,89,4
196,18,3
233,81,3
17,93,5
198,115,4
26,55,2
185,77,4
102,131,5
27,67,4
56,149,5
87,36,4
158,90,5
60,79,4
209,81,4
225,93,5
67,6,4
125,84,2
184,126,1
112,149,4
249,17,5
19,29,5
155,122,5
264,23,5
256,97,3
247,111,1
12,120,4
199,140,3
106,111,3
19,103,5
227,9,5
96,34,3
46,23,4
202,34,5
95,61,3
119,119,5
221,148,3
158,24,4
39,100,3
247,139,2
252,13,5
276,54,2
16,54,3
281,51,5
205,7,2
215,54,4
18,40,4
258,31,3
267,32,3
51,37,3
142,92,2
70,82,5
223,37,3
296,84,3
137,86,3
24,103,3
61,26,5
260,112,4
143,77,4
179,126,5
241,121,5
21,43,4
183,83,2
126,4,4
13,35,5
28,80,5
259,16,1
172,76,3
23,96,5
154,108,1
72,122,5
49,27,5
157,8,3
51,50,5
146,68,3
88,85,1
142,98,5
200,25,4
20,12,3
207,44,2
141,9,4
163,116,5
298,74,4
156,138,1
145,94,5
272,1,1
207,116,5
161,66,5
117,125,4
290,150,5
188,147,4
112,42,4
5,58,1
147,125,5
208,44,5
238,147,4
188,62,5
138,91,3
48,85,5
163,134,3
122,32,5
245,140,4
4,145,4
168,134,4
28,71,4
178,110,3
225,36,5
170,48,5
58,132,3
253,87,4
167,48,4
123,117,1
179,129,4
106,133,3
70,145,3
46,107,3
26,29,5
169,139,4
250,66,4
258,11,3
298,130,5
162,83,3
222,136,4
212,145,4
287,135,3
138,29,5
72,135,5
284,138,5
184,139,1
138,109,5
122,72,3
144,72,3
194,81,4
282,122,2
271,21,5
37,11,5
120,73,5
183,105,5
42,63,4
224,49,5
133,19,5
258,47,3
113,128,5
67,53,5
156,122,4
53,27,4
125,121,3
6,97,4
74,19,4
95,135,5
3,7,5
100,88,2
286,108,5
139,32,3
192,125,1
275,58,3
127,128,5
267,108,3
137,72,2
235,71,3
233,123,4
266,92,2
279,16,4
71,125,2
149,88,5
80,125,4
16,134,4
285,101,3
289,98,5
59,16,3
203,119,4
291,148,2
228,44,5
183,129,5
98,108,1
274,11,3
219,148,5
248,99,4
108,111,4
7,5,4
66,69,3
88,117,3
51,65,4
191,148,4
73,49,5
19,124,5
170,149,4
162,45,4
187,23,5
249,59,3
268,50,3
272,87,5
81,87,4
214,133,3
75,69,4
60,93,2
146,44,3
191,144,4
152,100,5
161,78,5
195,104,1
29,38,1
228,137,1
287,76,5
261,44,5
280,25,5
26,47,4
23,56,5
208,37,5
18,2,5
138,124,5
55,107,5
13,38,5
231,149,4
55,120,5
300,100,2
201,68,5
83,76,5
221,61,2
79,63,3
248,139,4
82,138,5
222,142,2
33,58,1
35,118,3
277,105,5
26,11,5
99,44,5
132,123,1
41,38,3
58,70,4
265,8,4
259,126,4
110,102,5
285,97,5
108,148,3
173,105,3
20,124,3
12,81,4
173,14,2
209,92,5
177,11,3
59,64,3
180,46,3
134,8,4
167,85,1
21,59,4
14,146,5
62,47,5
47,49,3
81,126,3
113,27,4
127,16,3
269,16,5
41,16,4
47,146,4
250,26,5
274,25,4
48,40,3
170,99,5
132,46,2
59,75,5
177,31,5
94,28,3
107,38,5
262,128,3
96,87,5
109,141,5
221,115,2
158,142,4
7,34,3
208,126,4
58,123,4
271,26,4
51,145,4
223,21,3
254,82,5
240,105,5
299,15,3
221,15,4
140,7,4
32,147,3
172,10,5
157,99,3
91,123,5
200,131,3
84,32,4
277,82,4
144,1,4
230,139,3
111,41,3
275,69,5
267,100,1
246,96,3
107,103,2
28,94,3
161,82,4
158,139,3
27,80,3
224,70,3
295,3,4
134,40,4
32,125,4
73,3,4
162,138,4
63,27,5
128,142,5
158,32,5
67,28,5
289,66,4
256,102,1
154,141,4
196,37,5
64,52,5
118,22,5
212,8,5
227,48,5
94,23,5
35,12,4
160,81,3
111,49,3
297,82,2
135,4,5
184,88,5
186,65,1
84,90,5
59,72,4
234,46,5
114,56,5
229,40,4
296,118,4
289,75,4
251,35,3
117,65,4
116,60,3
229,2,4
40,103,4
66,31,4
104,10,2
287,79,3
187,99,4
110,147,5
68,116,5
262,70,5
64,117,2
201,49,3
119,100,5
1,42,2
242,4,5
210,77,4
215,92,5
127,103,3
81,90,4
135,86,5
102,68,4
100,117,4
242,64,4
109,106,4
260,38,5
49,101,5
226,84,5
293,116,5
120,138,3
63,136,3
71,10,4
240,17,4
249,2,3
36,14,2
289,7,4
5,71,5
84,24,5
7,79,4
116,93,1
238,45,3
11,34,5
95,38,3
21,25,3
27,35,3
266,122,5
158,93,3
36,150,2
199,108,5
161,126,3
5,146,2
246,95,1
169,129,5
269,133,3
26,22,4
65,125,5
140,107,4
273,94,2
294,50,2
179,111,3
234,7,4
155,68,3
273,82,4
31,35,5
16,3,5
269,5,4
216,37,4
59,98,4
194,63,4
167,109,2
122,142,5
213,46,5
268,22,3
62,82,1
215,23,4
288,28,1
107,35,4
148,41,5
32,2,5
228,88,4
265,19,2
86,126,5
60,118,3
126,69,4
88,28,4
27,10,4
280,52,5
278,1,5
221,100,2
231,101,4
220,40,5
185,127,4
104,109,5
183,40,5
36,146,5
39,59,3
30,121,5
241,76,5
187,71,5
12,136,3
70,113,5
213,16,2
260,96,5
25,115,4
161,118,4
29,61,5
109,117,4
41,116,3
124,81,5
273,95,5
9,133,5
42,84,3
191,104,4
297,25,4
168,3,4
208,82,2
124,107,3
65,76,5
192,142,4
27,45,5
192,28,3
88,33,5
224,103,5
95,124,4
29,147,5
69,90,5
37,41,4
89,75,4
200,56,3
273,41,2
221,55,5
297,33,3
244,84,5
48,56,5
135,69,4
161,143,5
232,45,5
30,147,3
188,59,3
9,61,2
220,64,1
85,79,5
32,81,3
134,20,5
220,24,4
245,26,4
298,150,5
36,71,1
192,67,3
80,59,5
263,124,4
161,102,5
145,50,5
150,91,5
297,142,4
179,139,3
240,3,2
238,21,5
175,38,5
171,103,4
24,102,4
154,59,5
206,51,4
84,117,2
104,69,4
140,137,5
34,28,3
14,12,5
274,65,4
181,93,5
185,128,3
47,30,5
202,141,4
151,70,4
283,124,5
177,68,5
48,54,5
72,67,1
239,6,5
115,109,5
41,58,3
279,6,5
179,36,1
79,62,5
86,2,4
284,123,5
102,107,1
199,12,5
62,106,3
43,63,5
103,131,1
71,43,2
141,73,3
286,66,4
104,66,5
119,62,3
100,101,2
137,143,3
196,68,4
172,53,4
2,77,3
45,55,5
62,78,3
4,14,5
13,58,5
237,2,5
14,86,2
80,78,4
94,29,5
177,123,4
194,64,4
14,1,4
125,41,4
254,33,5
166,96,5
79,31,5
65,48,4
57,31,4
234,8,4
53,122,4
68,30,5
300,56,3
123,114,5
73,40,2
26,68,5
67,106,3
1,5,4
80,14,3
174,47,5
205,123,5
261,49,4
230,12,4
185,112,1
95,52,5
230,13,3
195,18,3
145,75,5
254,140,3
107,89,5
114,75,3
54,123,5
172,127,5
64,82,5
127,58,4
273,120,5
64,92,5
43,88,1
62,62,3
28,142,5
194,102,4
163,129,4
101,100,3
121,32,4
67,86,2
245,61,5
288,96,2
283,103,5
193,72,4
93,66,5
81,28,2
108,49,3
184,127,4
24,78,5
77,27,3
289,49,4
92,3,4
159,7,3
249,76,5
225,60,3
104,110,5
107,98,4
159,128,2
53,98,5
245,134,5
300,126,3
151,98,2
18,105,3
177,23,4
162,41,5
19,25,5
182,102,4
113,9,3
229,112,5
227,116,2
183,90,4
179,48,4
138,78,5
175,138,2
112,15,3
112,125,3
135,13,3
75,98,4
76,87,5
68,46,3
45,12,3
78,44,3
250,144,4
49,97,5
219,35,5
243,132,5
269,109,5
12,79,5
154,113,5
219,56,3
132,36,3
244,92,5
265,24,4
42,137,5
223,3,4
101,81,4
91,29,1
227,55,2
145,36,3
156,45,5
2,38,1
241,18,5
91,7,5
115,56,5
298,93,3
277,68,5
116,141,3
64,8,2
102,150,5
178,56,4
284,33,3
8,81,4
255,41,2
252,115,4
47,11,4
11,78,5
162,88,1
127,109,5
243,121,5
142,86,5
247,144,4
216,147,1
161,137,1
279,121,4
242,132,3
267,145,3
227,62,5
86,36,3
5,76,1
210,37,4
25,149,5
208,19,5
126,75,1
256,127,5
219,47,5
110,128,1
192,118,5
13,13,5
188,68,5
177,101,4
285,39,4
141,66,3
52,117,1
2,141,4
131,104,5
137,8,5
218,88,4
10,62,5
207,49,5
95,12,3
107,109,3
276,21,5
170,73,4
184,135,5
269,58,5
288,91,3
14,39,5
41,94,5
87,38,5
148,53,5
270,32,4
20,52,5
162,115,5
154,22,3
135,105,4
111,114,1
250,98,3
48,128,4
148,1,3
75,115,3
33,99,5
242,85,5
15,133,4
294,54,5
50,52,5
299,60,4
203,100,4
107,85,4
43,77,5
129,23,1
233,71,4
48,67,4
125,117,5
255,37,5
161,98,2
184,24,3
254,92,4
14,54,5
178,96,5
196,50,4
154,95,4
32,112,4
168,104,3
63,61,3
105,142,2
7,46,4
213,5,5
148,132,2
3,129,1
253,6,5
104,35,5
179,62,3
170,95,2
48,58,5
144,75,5
2,22,5
298,42,3
117,15,4
222,64,3
229,105,4
76,111,5
19,91,4
156,148,3
79,104,3
81,135,1
42,43,4
25,98,3
173,12,5
21,102,5
174,74,5
62,50,3
86,38,2
69,36,3
261,50,3
117,24,3
168,52,5
187,65,4
110,108,4
274,96,4
111,119,2
52,26,1
93,103,3
101,111,5
243,50,4
201,122,5
123,123,5
86,65,5
25,27,5
80,114,4
226,14,3
184,108,5
14,111,4
136,10,3
105,100,5
125,145,4
169,97,2
277,139,4
129,137,5
125,21,4
173,57,4
109,39,3
262,18,5
159,6,3
191,57,3
25,127,5
53,128,5
78,62,5
175,70,5
269,67,4
160,85,5
167,67,5
38,146,4
192,123,4
38,135,4
26,63,5
153,150,4
10,14,3
240,77,3
174,66,4
290,21,3
136,142,5
209,108,5
241,60,4
32,32,5
115,15,4
283,116,5
22,86,1
239,31,2
80,126,4
31,102,1
25,13,5
268,3,4
53,39,5
212,1,2
124,14,4
282,63,5
43,106,5
238,85,3
72,12,5
253,36,4
290,101,5
279,126,4
284,83,3
6,58,5
161,114,5
33,42,5
228,77,3
55,126,5
92,103,3
91,41,4
104,80,5
49,10,3
179,38,2
97,75,5
171,61,4
36,134,4
61,16,3
10,142,2
286,78,3
278,54,1
206,9,4
169,87,3
187,142,5
156,119,1
189,103,5
288,83,3
94,109,3
252,143,4
167,107,2
288,21,5
179,125,5
127,85,4
248,96,1
42,83,4
118,23,5
122,130,4
182,78,5
117,51,1
77,136,5
26,117,3
267,138,4
10,50,5
36,26,4
207,147,3
74,58,2
270,64,4
219,10,2
27,149,4
141,47,3
190,41,5
145,1,4
99,18,3
113,71,5
1,92,5
50,5,3
259,118,4
238,79,3
183,14,1
180,100,4
235,61,5
98,62,5
148,80,5
260,35,5
44,67,1
55,55,4
60,74,4
80,29,4
137,109,5
4,107,5
288,1,5
146,17,5
44,70,3
217,30,3
70,87,1
76,112,4
142,115,4
61,7,4
57,140,3
224,5,1
52,23,3
77,42,5
75,38,5
187,80,5
133,90,3
60,111,3
136,104,3
295,18,5
118,59,3
11,127,5
98,119,5
106,12,5
15,39,4
95,87,4
289,119,4
23,109,5
168,35,4
260,109,4
229,88,3
100,82,2
300,109,4
166,22,4
38,45,5
60,72,1
282,136,3
171,116,5
280,84,5
234,18,5
141,135,2
286,30,5
103,86,3
226,33,4
222,13,5
72,141,2
62,140,1
29,11,3
16,12,5
214,98,5
284,64,4
106,49,5
63,110,4
7,27,3
255,44,4
110,131,2
276,74,3
104,148,5
64,34,4
209,21,5
198,120,5
149,66,1
32,40,5
2,33,5
222,127,4
9,71,1
216,148,4
55,4,5
67,67,5
187,121,5
86,95,5
113,97,4
117,126,4
75,63,5
184,12,5
89,135,4
79,106,5
136,75,5
197,48,5
47,100,1
85,21,5
54,53,5
118,43,5
68,133,3
160,104,1
40,28,3
12,50,3
174,143,3
287,148,4
120,136,3
246,128,3
255,1,3
114,133,5
179,109,5
180,142,4
143,39,5
